{"name":"0a11cbeb-5be4-4741-a487-9ebfbdbbbeef","id":"/providers/Microsoft.Flow/flows/0a11cbeb-5be4-4741-a487-9ebfbdbbbeef","type":"Microsoft.Flow/flows","properties":{"apiId":"/providers/Microsoft.PowerApps/apis/shared_logicflows","displayName":"Extenal Sharing Approval Process","definition":{"metadata":{"creator":{"id":"4d32584a-73c0-44f4-853b-6fd8a1702f56","type":"User","tenantId":"219f2a89-1249-4151-a95a-54b7add09ffe"},"provisioningMethod":"FromDefinition","failureAlertSubscription":true,"clientLastModifiedTime":"2018-09-19T17:41:40.0797128Z"},"$schema":"https://schema.management.azure.com/providers/Microsoft.Logic/schemas/2016-06-01/workflowdefinition.json#","contentVersion":"1.0.0.0","parameters":{"$connections":{"defaultValue":{},"type":"Object"},"$authentication":{"defaultValue":{},"type":"SecureObject"}},"triggers":{"When_an_item_is_created":{"recurrence":{"interval":1,"frequency":"Minute"},"splitOn":"@triggerBody()?['value']","metadata":{"flowSystemMetadata":{"swaggerOperationId":"GetOnNewItems"}},"type":"ApiConnection","inputs":{"host":{"api":{"runtimeUrl":"https://india-001.azure-apim.net/apim/sharepointonline"},"connection":{"name":"@parameters('$connections')['shared_sharepointonline']['connectionId']"}},"method":"get","path":"/datasets/@{encodeURIComponent(encodeURIComponent('https://sharepointfordeveloper.sharepoint.com/teams/sitecreation'))}/tables/@{encodeURIComponent(encodeURIComponent('d7fd48f2-107f-476a-aa6d-42ff5dcf1fbf'))}/onnewitems","authentication":"@parameters('$authentication')"}}},"actions":{"Condition":{"actions":{"Start_an_approval":{"runAfter":{},"metadata":{"flowSystemMetadata":{"swaggerOperationId":"approvalSubscribeV2"}},"type":"ApiConnectionWebhook","inputs":{"host":{"api":{"runtimeUrl":"https://india-001.azure-apim.net/apim/approvals"},"connection":{"name":"@parameters('$connections')['shared_approvals']['connectionId']"}},"body":{"notificationUrl":"@{listCallbackUrl()}","title":"Extenel Sharing Approval for Site @{triggerBody()?['Title']}","assignedTo":"basant@sharepointfordeveloper.onmicrosoft.com;","requestor":"@{triggerBody()?['Author']?['Email']};","details":"Please provide approval","itemLink":"@triggerBody()?['{Link}']","itemLinkDescription":"Click here to see more info"},"path":"/types/@{encodeURIComponent('Basic')}/$subscriptions","authentication":"@parameters('$authentication')"}},"Check_Approval":{"actions":{"Update_item":{"runAfter":{},"metadata":{"flowSystemMetadata":{"swaggerOperationId":"PatchItem"}},"type":"ApiConnection","inputs":{"host":{"api":{"runtimeUrl":"https://india-001.azure-apim.net/apim/sharepointonline"},"connection":{"name":"@parameters('$connections')['shared_sharepointonline']['connectionId']"}},"method":"patch","body":{"Title":"@triggerBody()?['Title']","PrimaryAdmin":{"Claims":"@triggerBody()?['PrimaryAdmin']?['Claims']"},"SecondaryAdmin":{"Claims":"@triggerBody()?['SecondaryAdmin']?['Claims']"},"SiteDescription":"@triggerBody()?['SiteDescription']","IsExternalSharing":"@triggerBody()?['IsExternalSharing']","Status":{"Value":"@triggerBody()?['Status']?['Value']"},"ExternalSharingStatus":{"Value":"Approved"},"SiteUrl":"@triggerBody()?['SiteUrl']","{ContentType}":{"Id":"@triggerBody()?['{ContentType}']?['Id']"}},"path":"/datasets/@{encodeURIComponent(encodeURIComponent('https://sharepointfordeveloper.sharepoint.com/teams/sitecreation'))}/tables/@{encodeURIComponent(encodeURIComponent('d7fd48f2-107f-476a-aa6d-42ff5dcf1fbf'))}/items/@{encodeURIComponent(triggerBody()?['ID'])}","authentication":"@parameters('$authentication')"}},"Send_an_email":{"runAfter":{"Update_item":["Succeeded"]},"metadata":{"flowSystemMetadata":{"swaggerOperationId":"SendEmail"}},"type":"ApiConnection","inputs":{"host":{"api":{"runtimeUrl":"https://india-001.azure-apim.net/apim/office365"},"connection":{"name":"@parameters('$connections')['shared_office365']['connectionId']"}},"method":"post","body":{"To":"@{body('Update_item')?['Author']?['Email']};","Subject":"Request has been approved for the site @{body('Update_item')['Title']}","Body":"The request has been approved @{body('Start_an_approval')?['responder']?['displayName']}"},"path":"/Mail","authentication":"@parameters('$authentication')"}}},"runAfter":{"Start_an_approval":["Succeeded"]},"else":{"actions":{"Update_item_2":{"runAfter":{},"metadata":{"flowSystemMetadata":{"swaggerOperationId":"PatchItem"}},"type":"ApiConnection","inputs":{"host":{"api":{"runtimeUrl":"https://india-001.azure-apim.net/apim/sharepointonline"},"connection":{"name":"@parameters('$connections')['shared_sharepointonline']['connectionId']"}},"method":"patch","body":{"Title":"@triggerBody()?['Title']","PrimaryAdmin":{"Claims":"@triggerBody()?['PrimaryAdmin']?['Claims']"},"SecondaryAdmin":{"Claims":"@triggerBody()?['SecondaryAdmin']?['Claims']"},"SiteDescription":"@triggerBody()?['SiteDescription']","IsExternalSharing":"@triggerBody()?['IsExternalSharing']","Status":{"Value":"@triggerBody()?['Status']?['Value']"},"ExternalSharingStatus":{"Value":"Reject"},"SiteUrl":"@triggerBody()?['SiteUrl']","{ContentType}":{"Id":"@triggerBody()?['{ContentType}']?['Id']"}},"path":"/datasets/@{encodeURIComponent(encodeURIComponent('https://sharepointfordeveloper.sharepoint.com/teams/sitecreation'))}/tables/@{encodeURIComponent(encodeURIComponent('d7fd48f2-107f-476a-aa6d-42ff5dcf1fbf'))}/items/@{encodeURIComponent(triggerBody()?['ID'])}","authentication":"@parameters('$authentication')"}},"Send_an_email_2":{"runAfter":{"Update_item_2":["Succeeded"]},"metadata":{"flowSystemMetadata":{"swaggerOperationId":"SendEmail"}},"type":"ApiConnection","inputs":{"host":{"api":{"runtimeUrl":"https://india-001.azure-apim.net/apim/office365"},"connection":{"name":"@parameters('$connections')['shared_office365']['connectionId']"}},"method":"post","body":{"To":"@{body('Update_item_2')?['Author']?['Email']};","Subject":"Request has been Rejected for the site @{body('Update_item_2')['Title']}","Body":"the external sharing has been rejected by the @{body('Start_an_approval')?['responder']?['email']}. \nPlease contact and check about the feedback"},"path":"/Mail","authentication":"@parameters('$authentication')"}}}},"expression":"@equals(body('Start_an_approval')?['response'], 'Approve')","type":"If"}},"runAfter":{},"expression":"@equals(triggerBody()?['IsExternalSharing'], true)","type":"If"}}},"connectionReferences":{"shared_approvals":{"connectionName":"shared-approvals-185f2c7b-f162-4fb0-9fef-7e7b6018ac9d","source":"Embedded","id":"/providers/Microsoft.PowerApps/apis/shared_approvals","tier":"NotSpecified"},"shared_sharepointonline":{"connectionName":"shared-sharepointonl-c1143e3d-8e32-4be1-ac28-ae23724c1154","source":"Embedded","id":"/providers/Microsoft.PowerApps/apis/shared_sharepointonline","tier":"NotSpecified"},"shared_office365":{"connectionName":"shared-office365-bedb4097-26d4-4149-861c-3dcf1b4cb1bb","source":"Embedded","id":"/providers/Microsoft.PowerApps/apis/shared_office365","tier":"NotSpecified"}},"flowFailureAlertSubscribed":false}}