{"name":"57ab78e0-973f-4b95-b5a1-e6e535f7a063","id":"/providers/Microsoft.Flow/flows/57ab78e0-973f-4b95-b5a1-e6e535f7a063","type":"Microsoft.Flow/flows","properties":{"apiId":"/providers/Microsoft.PowerApps/apis/shared_logicflows","displayName":"Send email when site created","definition":{"metadata":{"creator":{"id":"4d32584a-73c0-44f4-853b-6fd8a1702f56","type":"User","tenantId":"219f2a89-1249-4151-a95a-54b7add09ffe"},"provisioningMethod":"FromDefinition","failureAlertSubscription":true,"clientLastModifiedTime":"2018-09-19T17:52:31.6336166Z"},"$schema":"https://schema.management.azure.com/providers/Microsoft.Logic/schemas/2016-06-01/workflowdefinition.json#","contentVersion":"1.0.0.0","parameters":{"$connections":{"defaultValue":{},"type":"Object"},"$authentication":{"defaultValue":{},"type":"SecureObject"}},"triggers":{"When_an_item_is_created_or_modified":{"recurrence":{"interval":1,"frequency":"Minute"},"splitOn":"@triggerBody()?['value']","metadata":{"flowSystemMetadata":{"swaggerOperationId":"GetOnUpdatedItems"}},"type":"ApiConnection","inputs":{"host":{"api":{"runtimeUrl":"https://india-001.azure-apim.net/apim/sharepointonline"},"connection":{"name":"@parameters('$connections')['shared_sharepointonline']['connectionId']"}},"method":"get","path":"/datasets/@{encodeURIComponent(encodeURIComponent('https://sharepointfordeveloper.sharepoint.com/teams/sitecreation'))}/tables/@{encodeURIComponent(encodeURIComponent('d7fd48f2-107f-476a-aa6d-42ff5dcf1fbf'))}/onupdateditems","authentication":"@parameters('$authentication')"}}},"actions":{"Condition":{"actions":{"Send_an_email":{"runAfter":{},"metadata":{"flowSystemMetadata":{"swaggerOperationId":"SendEmail"}},"type":"ApiConnection","inputs":{"host":{"api":{"runtimeUrl":"https://india-001.azure-apim.net/apim/office365"},"connection":{"name":"@parameters('$connections')['shared_office365']['connectionId']"}},"method":"post","body":{"To":"@{triggerBody()?['Author']?['Email']};","Subject":"Site has been created @{triggerBody()?['Title']}","Body":"Site has been created!!! \nthe title of the site @{triggerBody()?['Title']} and url@{triggerBody()?['SiteUrl']}","IsHtml":true},"path":"/Mail","authentication":"@parameters('$authentication')"}}},"runAfter":{},"expression":"@equals(triggerBody()?['Status'], 'Created')","type":"If"}},"outputs":{}},"connectionReferences":{"shared_sharepointonline":{"connectionName":"shared-sharepointonl-c1143e3d-8e32-4be1-ac28-ae23724c1154","source":"Embedded","id":"/providers/Microsoft.PowerApps/apis/shared_sharepointonline","tier":"NotSpecified"},"shared_office365":{"connectionName":"shared-office365-bedb4097-26d4-4149-861c-3dcf1b4cb1bb","source":"Embedded","id":"/providers/Microsoft.PowerApps/apis/shared_office365","tier":"NotSpecified"}},"flowFailureAlertSubscribed":false}}